ave_step,ave_exercise
8406.949129,5.649763821
